ID,Pheno,GT_NG_ALT,AHR2a_del,AIP_252,AIP_261
BRP_2020,0,GT,NA,NA,NA
BRP_2021,3,GT,NA,NA,NA
BRP_2022,3,GT,NA,NA,NA
BRP_2023,3,GT,NA,NA,NA
BRP_2024,0,GT,NA,NA,NA
BRP_2025,0,GT,NA,NA,NA
BRP_2026,2,NG,NA,NA,NA
BRP_2027,3,GT,NA,NA,NA
BRP_2028,0,GT,NA,NA,NA
BRP_2029,3,GT,NA,NA,NA
BRP_2030,3,GT,NA,NA,NA
BRP_2031,3,GT,NA,NA,NA
BRP_2033,0,GT,NA,NA,NA
BRP_2034,1,NG,NA,NA,NA
BRP_2035,2,NG,NA,NA,NA
BRP_2036,0,GT,NA,NA,NA
BRP_2047,0,GT,NA,NA,NA
BRP_2048,0,GT,NA,NA,NA
BRP_2049,0,GT,NA,NA,NA
BRP_2050,3,GT,NA,NA,NA
BRP_2051,0,GT,NA,NA,NA
BRP_2052,2,NG,NA,NA,NA
BRP_2053,2,NG,NA,NA,NA
BRP_2054,3,GT,NA,NA,NA
BRP_2055,2,NG,NA,NA,NA
BRP_2056,2,NG,NA,NA,NA
BRP_2057,2,NG,NA,NA,NA
BRP_2058,0,GT,NA,NA,NA
BRP_2059,0,GT,NA,NA,NA
BRP_2060,0,GT,NA,NA,NA
BRP_2061,0,GT,NA,NA,NA
BRP_2062,0,GT,NA,NA,NA
BRP_2063,3,GT,NA,NA,NA
BRP_2064,0,GT,NA,NA,NA
BRP_2065,0,GT,NA,NA,NA
BRP_2066,4,NG,NA,NA,NA
BRP_2067,1,NG,NA,NA,NA
BRP_2068,2,NG,NA,NA,NA
BRP_2069,0,GT,NA,NA,NA
BRP_2070,3,GT,NA,NA,NA
BRP_2072,0,GT,NA,NA,NA
BRP_2073,1,NG,NA,NA,NA
BRP_2074,2,NG,NA,NA,NA
BRP_2076,0,GT,NA,NA,NA
BRP_2077,2,NG,NA,NA,NA
BRP_2078,0,GT,NA,NA,NA
BRP_2079,0,GT,NA,NA,NA
BRP_2081,0,GT,NA,NA,NA
BRP_2083,1,NG,NA,NA,NA
BRP_2084,2,NG,NA,NA,NA
BRP_2085,0,GT,NA,NA,NA
BRP_2086,2,NG,NA,NA,NA
BRP_2087,0,GT,NA,NA,NA
BRP_2088,0,GT,NA,NA,NA
BRP_2089,0,GT,NA,NA,NA
BRP_2090,3,GT,NA,NA,NA
BRP_2091,3,GT,NA,NA,NA
BRP_2092,0,GT,NA,NA,NA
BRP_2093,0,GT,NA,NA,NA
BRP_2094,3,GT,NA,NA,NA
BRP_2095,3,GT,NA,NA,NA
BRP_2096,2,NG,NA,NA,NA
BRP_2097,0,GT,NA,NA,NA
BRP_2098,0,GT,NA,NA,NA
BRP_2099,2,NG,NA,NA,NA
BRP_2100,1,NG,NA,NA,NA
BRP_2101,2,NG,NA,NA,NA
BRP_2102,3,GT,NA,NA,NA
BRP_2103,0,GT,NA,NA,NA
BRP_2104,0,GT,NA,NA,NA
BRP_2162,2,NG,NA,NA,NA
BRP_2163,2,NG,NA,NA,NA
BRP_2164,0,GT,NA,NA,NA
BRP_2165,2,NG,NA,NA,NA
BRP_2166,0,GT,NA,NA,NA
BRP_2167,0,GT,NA,NA,NA
BRP_2168,0,GT,NA,NA,NA
BRP_2169,3,GT,NA,NA,NA
BRP_2170,0,GT,NA,NA,NA
BRP_2171,1,NG,NA,NA,NA
BRP_2172,3,GT,NA,NA,NA
BRP_2173,0,GT,NA,NA,NA
BRP_2175,1,NG,NA,NA,NA
BRP_2176,1,NG,NA,NA,NA
BRP_2177,0,GT,NA,NA,NA
BRP_2178,1,NG,NA,NA,NA
BRP_2180,1,NG,NA,NA,NA
BRP_2181,4,GT,NA,NA,NA
BRP_2182,4,NG,NA,NA,NA
BRP_2183,0,GT,NA,NA,NA
BRP_2184,2,NG,NA,NA,NA
BRP_2185,3,GT,NA,NA,NA
BRP_2186,2,NG,NA,NA,NA
BRP_2187,0,GT,NA,NA,NA
BRP_2188,1,NG,NA,NA,NA
BRP_2189,4,NG,NA,NA,NA
BRP_2190,2,NG,NA,NA,NA
BRP_2191,1,NG,NA,NA,NA
BRP_2192,4,NG,NA,NA,NA
BRP_2193,3,GT,NA,NA,NA
BRP_2194,0,GT,NA,NA,NA
BRP_2195,3,GT,NA,NA,NA
BRP_2196,4,GT,NA,NA,NA
BRP_2197,3,GT,NA,NA,NA
BRP_2198,0,GT,NA,NA,NA
BRP_2285,3,GT,NA,NA,NA
BRP_2287,0,GT,NA,NA,NA
BRP_2288,3,GT,NA,NA,NA
BRP_2289,4,NG,NA,NA,NA
BRP_2290,0,GT,NA,NA,NA
BRP_2291,0,GT,NA,NA,NA
BRP_2292,0,GT,NA,NA,NA
BRP_2293,4,NG,NA,NA,NA
BRP_2294,2,NG,NA,NA,NA
BRP_2295,2,NG,NA,NA,NA
BRP_2296,2,NG,NA,NA,NA
BRP_2297,0,GT,NA,NA,NA
BRP_2298,2,NG,NA,NA,NA
BRP_2299,0,GT,NA,NA,NA
BRP_2300,2,NG,NA,NA,NA
BRP_2301,3,GT,NA,NA,NA
BRP_2302,1,NG,NA,NA,NA
BRP_2303,1,NG,NA,NA,NA
BRP_2305,0,GT,NA,NA,NA
BRP_2306,0,GT,NA,NA,NA
BRP_2307,1,NG,NA,NA,NA
BRP_2308,4,NG,NA,NA,NA
BRP_2309,4,GT,NA,NA,NA
BRP_2314,0,GT,NA,NA,NA
BRP_2316,4,NG,NA,NA,NA
BRP_2317,0,GT,NA,NA,NA
BRP_2318,1,NG,NA,NA,NA
BRP_2338,1,NG,NA,NA,NA
BRP_2339,4,NG,NA,NA,NA
BRP_2340,0,GT,NA,NA,NA
BRP_2341,0,GT,NA,NA,NA
BRP_2342,3,GT,NA,NA,NA
BRP_2343,1,NG,NA,NA,NA
BRP_2344,0,GT,NA,NA,NA
BRP_2345,3,GT,NA,NA,NA
BRP_2346,0,GT,NA,NA,NA
BRP_2347,0,GT,NA,NA,NA
BRP_2348,2,NG,NA,NA,NA
BRP_2349,0,GT,NA,NA,NA
BRP_2350,1,NG,NA,NA,NA
BRP_2352,3,GT,NA,NA,NA
BRP_2353,3,GT,NA,NA,NA
BRP_2354,4,NG,NA,NA,NA
BRP_2356,3,GT,NA,NA,NA
BRP_2357,2,NG,NA,NA,NA
BRP_2358,3,GT,NA,NA,NA
BRP_2359,1,NG,NA,NA,NA
BRP_2360,3,GT,NA,NA,NA
BRP_2403,4,NG,NA,NA,NA
BRP_2404,4,NG,NA,NA,NA
BRP_2408,4,GT,NA,NA,NA
BRP_2409,0,GT,NA,NA,NA
BRP_2410,4,NG,NA,NA,NA
BRP_2411,1,NG,NA,NA,NA
BRP_2412,0,GT,NA,NA,NA
BRP_2413,4,NG,NA,NA,NA
BRP_2414,4,NG,NA,NA,NA
BRP_2415,1,NG,NA,NA,NA
BRP_2416,2,NG,NA,NA,NA
BRP_2417,0,GT,NA,NA,NA
BRP_2418,2,NG,NA,NA,NA
BRP_2419,2,NG,NA,NA,NA
BRP_2420,0,GT,NA,NA,NA
BRP_2421,2,NG,NA,NA,NA
BRP_2422,3,GT,NA,NA,NA
BRP_2423,0,GT,NA,NA,NA
BRP_2424,0,GT,NA,NA,NA
BRP_2425,3,GT,NA,NA,NA
BRP_2426,3,GT,NA,NA,NA
BRP_2427,4,NG,NA,NA,NA
BRP_2428,0,GT,NA,NA,NA
BRP_2429,4,NG,NA,NA,NA
BRP_2430,3,GT,NA,NA,NA
BRP_2431,2,NG,NA,NA,NA
BRP_2432,3,GT,NA,NA,NA
BRP_2433,3,GT,NA,NA,NA
BRP_2434,0,GT,NA,NA,NA
BRP_2435,2,NG,NA,NA,NA
BRP_2436,0,GT,NA,NA,NA
BRP_2437,1,NG,NA,NA,NA
BRP_2438,2,NG,NA,NA,NA
BRP_2439,1,NG,NA,NA,NA
BRP_2440,0,GT,NA,NA,NA
BRP_2441,4,GT,NA,NA,NA
BRP_2442,1,NG,NA,NA,NA
BRP_2443,1,NG,NA,NA,NA
BRP_2444,0,GT,NA,NA,NA
BRP_2445,3,GT,NA,NA,NA
BRP_2446,1,NG,NA,NA,NA
BRP_2447,0,GT,NA,NA,NA
BRP_2448,3,GT,NA,NA,NA
BRP_2520,1,NG,NA,NA,NA
BRP_2521,0,GT,NA,NA,NA
BRP_2522,0,GT,NA,NA,NA
BRP_2523,0,GT,NA,NA,NA
BRP_2524,0,GT,NA,NA,NA
BRP_2525,2,NG,NA,NA,NA
BRP_2526,1,NG,NA,NA,NA
BRP_2527,2,NG,NA,NA,NA
BRP_2528,3,GT,NA,NA,NA
BRP_2529,2,NG,NA,NA,NA
BRP_2530,2,NG,NA,NA,NA
BRP_2531,0,GT,NA,NA,NA
BRP_2532,4,NG,NA,NA,NA
BRP_2533,2,NG,NA,NA,NA
BRP_2534,4,NG,NA,NA,NA
BRP_2535,0,GT,NA,NA,NA
BRP_2536,2,NG,NA,NA,NA
BRP_2537,2,NG,NA,NA,NA
BRP_2538,4,NG,NA,NA,NA
BRP_2539,2,NG,NA,NA,NA
BRP_2540,2,NG,NA,NA,NA
BRP_2541,1,NG,NA,NA,NA
BRP_2542,1,NG,NA,NA,NA
BRP_2543,1,NG,NA,NA,NA
BRP_2544,1,NG,NA,NA,NA
BRP_2545,3,GT,NA,NA,NA
BRP_2546,0,GT,NA,NA,NA
BRP_2547,4,NG,NA,NA,NA
BRP_2548,3,GT,NA,NA,NA
BRP_2549,2,NG,NA,NA,NA
BRP_2550,1,NG,NA,NA,NA
BRP_2551,4,NG,NA,NA,NA
BRP_2552,4,GT,NA,NA,NA
BRP_2553,0,GT,NA,NA,NA
BRP_2554,4,NG,NA,NA,NA
BRP_2555,3,GT,NA,NA,NA
BRP_2556,2,NG,NA,NA,NA
BRP_2557,3,GT,NA,NA,NA
BRP_2558,1,NG,NA,NA,NA
BRP_2559,2,NG,NA,NA,NA
BRP_2560,1,NG,NA,NA,NA
BRP_2561,2,NG,NA,NA,NA
BRP_2562,3,GT,NA,NA,NA
BRP_2563,3,GT,NA,NA,NA
BRP_2564,2,NG,NA,NA,NA
BRP_2565,2,NG,NA,NA,NA
BRP_2566,0,GT,NA,NA,NA
BRP_2567,0,GT,NA,NA,NA
BRP_2568,2,NG,NA,NA,NA
BRP_2569,2,NG,NA,NA,NA
BRP_2570,2,NG,NA,NA,NA
BRP_2571,0,GT,NA,NA,NA
BRP_2572,3,GT,NA,NA,NA
BRP_2573,0,GT,NA,NA,NA
BRP_2575,0,GT,NA,NA,NA
BRP_2576,0,GT,NA,NA,NA
BRP_2577,3,GT,NA,NA,NA
BRP_2578,3,GT,NA,NA,NA
BRP_2579,2,NG,NA,NA,NA
BRP_2580,3,GT,NA,NA,NA
BRP_2581,2,NG,NA,NA,NA
BRP_2582,0,GT,NA,NA,NA
BRP_2583,2,NG,NA,NA,NA
BRP_2584,1,NG,NA,NA,NA
BRP_2671,4,NG,NA,NA,NA
BRP_2672,0,GT,NA,NA,NA
BRP_2673,1,NG,NA,NA,NA
BRP_2674,3,GT,NA,NA,NA
BRP_2675,3,GT,NA,NA,NA
BRP_2676,4,NG,NA,NA,NA
BRP_2677,0,GT,NA,NA,NA
BRP_2678,0,GT,NA,NA,NA
BRP_2679,2,NG,NA,NA,NA
BRP_2680,2,NG,NA,NA,NA
BRP_2681,0,GT,NA,NA,NA
BRP_2682,2,NG,NA,NA,NA
BRP_2683,3,GT,NA,NA,NA
BRP_2684,2,NG,NA,NA,NA
BRP_2685,4,GT,NA,NA,NA
BRP_2686,4,NG,NA,NA,NA
BRP_2687,4,NG,NA,NA,NA
BRP_2688,4,NG,NA,NA,NA
BRP_2689,4,GT,NA,NA,NA
BRP_2690,0,GT,NA,NA,NA
BRP_2691,2,NG,NA,NA,NA
BRP_2692,2,NG,NA,NA,NA
BRP_2693,2,NG,NA,NA,NA
BRP_2694,2,NG,NA,NA,NA
BRP_2695,4,NG,NA,NA,NA
BRP_2696,1,NG,NA,NA,NA
BRP_2697,0,GT,NA,NA,NA
BRP_2698,2,NG,NA,NA,NA
BRP_2699,4,NG,NA,NA,NA
BRP_2700,0,GT,NA,NA,NA
BRP_2701,0,GT,NA,NA,NA
BRP_2702,3,GT,NA,NA,NA
BRP_2703,3,GT,NA,NA,NA
BRP_2704,2,NG,NA,NA,NA
BRP_2705,2,NG,NA,NA,NA
BRP_2706,4,GT,NA,NA,NA
BRP_2707,2,NG,NA,NA,NA
BRP_2708,4,NG,NA,NA,NA
BRP_2709,2,NG,NA,NA,NA
BRP_2710,4,NG,NA,NA,NA
BRP_2711,4,GT,NA,NA,NA
BRP_2712,3,GT,NA,NA,NA
BRP_2713,3,GT,NA,NA,NA
BRP_2714,2,NG,NA,NA,NA
BRP_2715,3,GT,NA,NA,NA
BRP_2716,2,NG,NA,NA,NA
BRP_2717,1,NG,NA,NA,NA
BRP_2718,0,GT,NA,NA,NA
BRP_2719,0,GT,NA,NA,NA
BRP_2720,0,GT,NA,NA,NA
BRP_2721,0,GT,NA,NA,NA
BRP_2722,0,GT,NA,NA,NA
ELR_10869,5,GT,BB,BB,BB
ELR_10870,1,GT,AB,NA,NA
ELR_10871,4,GT,AB,NA,NA
ELR_10872,0,GT,AA,AA,AA
ELR_10873,2,NG,NA,NA,NA
ELR_10874,5,GT,BB,NA,NA
ELR_10875,3,NG,NA,NA,NA
ELR_10876,0,GT,BB,AA,AA
ELR_10877,3,NG,NA,NA,NA
ELR_10878,4,GT,AB,NA,NA
ELR_10881,0,GT,AB,AB,AB
ELR_10882,5,GT,AB,AA,AA
ELR_10883,3,NG,NA,NA,NA
ELR_10884,4,GT,AB,NA,NA
ELR_10885,5,GT,BB,BB,BB
ELR_10920,2,NG,NA,NA,NA
ELR_10921,0,GT,BB,AB,AB
ELR_10922,3,NG,NA,NA,NA
ELR_10923,4,GT,AA,NA,NA
ELR_10924,4,GT,AB,NA,NA
ELR_10925,0,GT,AB,AB,NA
ELR_10926,5,GT,BB,AB,AB
ELR_10927,2,NG,NA,NA,NA
ELR_10928,5,GT,AA,AB,AB
ELR_10929,4,GT,AB,NA,NA
ELR_10930,0,GT,AB,AB,AB
ELR_10931,2,NG,NA,NA,NA
ELR_10932,4,GT,BB,NA,NA
ELR_10953,4,GT,AA,NA,NA
ELR_10954,0,GT,AA,AB,AB
ELR_10956,0,GT,AB,AA,NA
ELR_10957,2,NG,NA,NA,NA
ELR_10958,2,NG,NA,NA,NA
ELR_10959,2,NG,NA,NA,NA
ELR_10960,0,GT,BB,AB,AB
ELR_10961,0,GT,AA,AB,AB
ELR_10962,3,NG,NA,NA,NA
ELR_10963,5,GT,BB,BB,BB
ELR_10964,4,GT,AB,NA,NA
ELR_10965,1,GT,AB,NA,NA
ELR_10966,3,NG,NA,NA,NA
ELR_10967,4,GT,AB,NA,NA
ELR_10968,0,GT,AA,AA,AA
ELR_10969,5,GT,BB,BB,BB
ELR_10970,0,GT,AB,AB,AB
ELR_10971,4,GT,AB,NA,NA
ELR_10972,1,GT,BB,NA,NA
ELR_10973,4,GT,AB,NA,NA
ELR_10974,5,GT,BB,AB,AB
ELR_10975,3,NG,NA,NA,NA
ELR_10976,3,NG,NA,NA,NA
ELR_10977,0,GT,AB,BB,BB
ELR_10978,0,GT,AB,BB,BB
ELR_10979,0,GT,AA,AB,NA
ELR_10980,5,GT,AB,AB,AB
ELR_10981,5,GT,AB,NA,NA
ELR_10982,5,GT,BB,BB,BB
ELR_10983,0,GT,AB,AB,AB
ELR_10984,0,GT,BB,AA,AA
ELR_10985,3,NG,NA,NA,NA
ELR_10986,5,GT,AB,BB,BB
ELR_10987,1,GT,AB,NA,NA
ELR_10988,0,GT,AA,AB,NA
ELR_10989,5,GT,AB,AB,AB
ELR_10990,4,GT,AB,NA,NA
ELR_10991,0,GT,AB,AB,AB
ELR_10993,0,GT,AB,NA,NA
ELR_10994,0,GT,AB,NA,NA
ELR_10995,2,NG,NA,NA,NA
ELR_10996,2,NG,NA,NA,NA
ELR_10997,5,GT,AB,AA,AA
ELR_10998,5,GT,AB,NA,NA
ELR_10999,4,GT,AA,NA,NA
ELR_11000,1,GT,BB,NA,NA
ELR_11001,1,GT,AB,NA,NA
ELR_11002,5,GT,BB,NA,NA
ELR_11003,3,NG,NA,NA,NA
ELR_11004,4,GT,AB,NA,NA
ELR_11010,4,GT,AA,NA,NA
ELR_11011,1,GT,AB,NA,NA
ELR_11102,0,GT,AB,NA,NA
ELR_11103,5,GT,BB,AA,NA
ELR_11104,5,GT,AB,AB,NA
ELR_11105,4,GT,AB,NA,NA
ELR_11106,3,NG,NA,NA,NA
ELR_11107,3,NG,NA,NA,NA
ELR_11108,1,GT,AB,NA,NA
ELR_11111,0,GT,BB,NA,NA
ELR_11112,0,GT,BB,NA,NA
ELR_11113,3,NG,NA,NA,NA
ELR_11114,0,GT,AB,NA,NA
ELR_11115,5,GT,NA,NA,NA
ELR_11116,5,GT,AB,AB,NA
ELR_11575,1,GT,BB,NA,NA
ELR_11576,1,GT,BB,NA,NA
ELR_11577,5,GT,AB,NA,NA
ELR_11578,1,GT,AB,NA,NA
ELR_11579,5,GT,BB,NA,NA
ELR_11580,4,GT,BB,NA,NA
ELR_11581,0,GT,AA,NA,NA
ELR_11582,2,NG,NA,NA,NA
ELR_11583,5,GT,AA,NA,NA
ELR_11584,5,GT,BB,NA,NA
ELR_11585,0,GT,AB,NA,NA
ELR_11586,5,GT,BB,NA,NA
ELR_11587,5,GT,AB,NA,NA
ELR_11588,0,GT,AB,NA,NA
ELR_11589,2,NG,NA,NA,NA
ELR_11590,3,NG,NA,NA,NA
ELR_11591,5,GT,AB,NA,NA
ELR_11592,5,GT,AB,NA,NA
ELR_11593,5,GT,BB,NA,NA
ELR_11594,0,GT,AA,NA,NA
NBH_5524,4,NG,NA,NA,NA
NBH_5525,1,GT,NA,NA,NA
NBH_5526,2,NG,NA,NA,NA
NBH_5527,4,NG,NA,NA,NA
NBH_5528,0,GT,NA,NA,NA
NBH_5529,5,GT,NA,NA,NA
NBH_5530,4,NG,NA,NA,NA
NBH_5531,2,NG,NA,NA,NA
NBH_5532,4,NG,NA,NA,NA
NBH_5533,4,NG,NA,NA,NA
NBH_5534,4,NG,NA,NA,NA
NBH_5535,4,NG,NA,NA,NA
NBH_5536,2,NG,NA,NA,NA
NBH_5537,5,GT,NA,NA,NA
NBH_5538,4,NG,NA,NA,NA
NBH_5539,5,GT,NA,NA,NA
NBH_5540,5,GT,NA,NA,NA
NBH_5541,5,GT,NA,NA,NA
NBH_5542,3,NG,NA,NA,NA
NBH_5543,5,GT,NA,NA,NA
NBH_5544,4,NG,NA,NA,NA
NBH_5545,4,NG,NA,NA,NA
NBH_5546,4,NG,NA,NA,NA
NBH_5547,1,GT,NA,NA,NA
NBH_5548,3,NG,NA,NA,NA
NBH_5549,5,GT,NA,NA,NA
NBH_5550,5,GT,NA,NA,NA
NBH_5551,4,NG,NA,NA,NA
NBH_5552,4,NG,NA,NA,NA
NBH_5553,5,GT,NA,NA,NA
NBH_5554,3,NG,NA,NA,NA
NBH_5555,5,GT,NA,NA,NA
NBH_5556,3,NG,NA,NA,NA
NBH_5557,5,GT,NA,NA,NA
NBH_5558,0,GT,NA,NA,NA
NBH_5559,4,NG,NA,NA,NA
NBH_5560,0,GT,NA,NA,NA
NBH_5561,4,NG,NA,NA,NA
NBH_5562,4,NG,NA,NA,NA
NBH_5563,0,GT,NA,NA,NA
NBH_5564,5,GT,NA,NA,NA
NBH_5565,4,NG,NA,NA,NA
NBH_5566,4,NG,NA,NA,NA
NBH_5567,4,NG,NA,NA,NA
NBH_5568,4,NG,NA,NA,NA
NBH_5569,4,NG,NA,NA,NA
NBH_5570,4,NG,NA,NA,NA
NBH_5571,5,GT,NA,NA,NA
NBH_5573,0,GT,NA,NA,NA
NBH_5574,0,GT,NA,NA,NA
NBH_5575,4,NG,NA,NA,NA
NBH_5576,2,NG,NA,NA,NA
NBH_5577,0,GT,NA,NA,NA
NBH_5578,5,GT,NA,NA,NA
NBH_5579,4,NG,NA,NA,NA
NBH_5580,4,NG,NA,NA,NA
NBH_5581,5,GT,NA,NA,NA
NBH_5582,3,NG,NA,NA,NA
NBH_5583,4,NG,NA,NA,NA
NBH_5584,0,GT,NA,NA,NA
NBH_5585,5,GT,NA,NA,NA
NBH_5586,5,GT,NA,NA,NA
NBH_5587,4,NG,NA,NA,NA
NBH_5588,5,GT,NA,NA,NA
NBH_5589,4,NG,NA,NA,NA
NBH_5590,5,GT,NA,NA,NA
NBH_5591,3,NG,NA,NA,NA
NBH_5592,3,NG,NA,NA,NA
NBH_5593,3,NG,NA,NA,NA
NBH_5594,2,NG,NA,NA,NA
NBH_5595,0,GT,NA,NA,NA
NBH_5596,0,GT,NA,NA,NA
NBH_5597,4,NG,NA,NA,NA
NBH_5598,2,NG,NA,NA,NA
NBH_5599,3,NG,NA,NA,NA
NBH_5600,4,NG,NA,NA,NA
NBH_5601,4,NG,NA,NA,NA
NBH_5602,0,GT,NA,NA,NA
NBH_5603,4,NG,NA,NA,NA
NBH_5604,5,GT,NA,NA,NA
NBH_5605,5,GT,NA,NA,NA
NBH_5606,3,NG,NA,NA,NA
NBH_5607,0,GT,NA,NA,NA
NBH_5608,1,GT,NA,NA,NA
NBH_5609,2,NG,NA,NA,NA
NBH_5610,0,GT,NA,NA,NA
NBH_5611,4,NG,NA,NA,NA
NBH_5612,4,NG,NA,NA,NA
NBH_5613,4,NG,NA,NA,NA
NBH_5614,2,NG,NA,NA,NA
NBH_5615,5,GT,NA,NA,NA
NBH_5616,5,GT,NA,NA,NA
NBH_5617,4,NG,NA,NA,NA
NBH_5618,5,GT,NA,NA,NA
NBH_5619,0,GT,NA,NA,NA
NBH_5620,2,NG,NA,NA,NA
NBH_5621,2,NG,NA,NA,NA
NBH_5622,0,GT,NA,NA,NA
NBH_5623,4,NG,NA,NA,NA
NBH_5624,2,NG,NA,NA,NA
NBH_5625,3,NG,NA,NA,NA
NBH_5626,4,NG,NA,NA,NA
NBH_5627,0,GT,NA,NA,NA
NBH_5628,4,NG,NA,NA,NA
NBH_5629,4,NG,NA,NA,NA
NBH_5630,5,GT,NA,NA,NA
NBH_5631,4,NG,NA,NA,NA
NBH_5632,2,NG,NA,NA,NA
NBH_5633,4,NG,NA,NA,NA
NBH_5634,4,NG,NA,NA,NA
NBH_5635,5,GT,NA,NA,NA
NBH_5636,2,NG,NA,NA,NA
NBH_5637,4,NG,NA,NA,NA
NBH_5638,1,GT,NA,NA,NA
NBH_5639,1,GT,NA,NA,NA
NBH_5640,4,NG,NA,NA,NA
NBH_5641,5,GT,NA,NA,NA
NBH_5642,3,NG,NA,NA,NA
NBH_5643,3,NG,NA,NA,NA
NBH_5644,5,GT,NA,NA,NA
NBH_5645,5,GT,NA,NA,NA
NBH_5646,0,GT,NA,NA,NA
NBH_5647,4,NG,NA,NA,NA
NBH_5648,4,NG,NA,NA,NA
NBH_5649,4,NG,NA,NA,NA
NBH_5650,1,GT,NA,NA,NA
NBH_5651,0,GT,NA,NA,NA
NBH_5652,4,NG,NA,NA,NA
NBH_5653,4,NG,NA,NA,NA
NBH_5654,4,NG,NA,NA,NA
NBH_5655,4,NG,NA,NA,NA
NBH_5656,3,NG,NA,NA,NA
NBH_5657,4,NG,NA,NA,NA
NBH_5658,2,NG,NA,NA,NA
NBH_5734,4,NG,NA,NA,NA
NBH_5735,5,GT,NA,NA,NA
NBH_5736,3,NG,NA,NA,NA
NBH_5737,2,NG,NA,NA,NA
NBH_5739,1,GT,NA,NA,NA
NBH_5740,2,NG,NA,NA,NA
NBH_5741,4,NG,NA,NA,NA
NBH_5742,2,NG,NA,NA,NA
NBH_5743,2,NG,NA,NA,NA
NBH_5744,4,NG,NA,NA,NA
NBH_5745,4,NG,NA,NA,NA
NBH_5746,4,NG,NA,NA,NA
NBH_5748,2,NG,NA,NA,NA
NBH_5749,0,GT,NA,NA,NA
NBH_5750,3,NG,NA,NA,NA
NBH_5751,4,NG,NA,NA,NA
NBH_5752,4,NG,NA,NA,NA
NBH_5754,0,GT,NA,NA,NA
NBH_5755,4,NG,NA,NA,NA
NBH_5812,2,NG,NA,NA,NA
NBH_5813,0,GT,NA,NA,NA
NBH_5814,4,NG,NA,NA,NA
NBH_5815,4,NG,NA,NA,NA
NBH_5816,4,NG,NA,NA,NA
NBH_5817,0,GT,NA,NA,NA
NBH_5818,4,NG,NA,NA,NA
NBH_5819,4,NG,NA,NA,NA
NBH_5820,0,GT,NA,NA,NA
NBH_5821,4,NG,NA,NA,NA
NBH_5822,2,NG,NA,NA,NA
NBH_5823,4,NG,NA,NA,NA
NBH_5824,2,NG,NA,NA,NA
NBH_5825,3,NG,NA,NA,NA
NBH_5826,4,NG,NA,NA,NA
NBH_5827,4,NG,NA,NA,NA
NBH_5828,4,NG,NA,NA,NA
NBH_5829,3,NG,NA,NA,NA
NBH_5830,0,GT,NA,NA,NA
NBH_5831,5,GT,NA,NA,NA
NBH_5832,5,GT,NA,NA,NA
NBH_5833,4,NG,NA,NA,NA
NBH_5834,0,GT,NA,NA,NA
NBH_5836,4,NG,NA,NA,NA
NBH_5838,4,NG,NA,NA,NA
NBH_5947,3,NG,NA,NA,NA
NBH_5948,4,NG,NA,NA,NA
NBH_5949,1,ALT,NA,NA,NA
NBH_5950,4,NG,NA,NA,NA
NBH_5951,5,GT,NA,NA,NA
NBH_5952,4,NG,NA,NA,NA
NBH_5953,4,NG,NA,NA,NA
NBH_5954,3,NG,NA,NA,NA
NBH_5955,2,NG,NA,NA,NA
NBH_5956,1,ALT,NA,NA,NA
NBH_5957,5,GT,NA,NA,NA
NBH_5958,1,ALT,NA,NA,NA
NBH_5959,4,NG,NA,NA,NA
NBH_5960,4,NG,NA,NA,NA
NBH_5961,4,NG,NA,NA,NA
NBH_5962,4,NG,NA,NA,NA
NBH_5963,4,NG,NA,NA,NA
NBH_5964,3,NG,NA,NA,NA
NBH_5965,3,NG,NA,NA,NA
NBH_5966,2,NG,NA,NA,NA
NBH_6113,3,NG,NA,NA,NA
NBH_6114,0,GT,NA,NA,NA
NBH_6115,4,NG,NA,NA,NA
NBH_6116,2,NG,NA,NA,NA
NBH_6117,4,NG,NA,NA,NA
NBH_6118,4,NG,NA,NA,NA
NBH_6119,4,NG,NA,NA,NA
NBH_6120,2,NG,NA,NA,NA
NBH_6121,3,NG,NA,NA,NA
NBH_6122,2,NG,NA,NA,NA
NBH_6123,4,NG,NA,NA,NA
NBH_6124,2,NG,NA,NA,NA
NBH_6125,0,GT,NA,NA,NA
NBH_6126,5,GT,NA,NA,NA
NBH_6127,1,GT,NA,NA,NA
NBH_6128,0,GT,NA,NA,NA
NBH_6129,2,NG,NA,NA,NA
NBH_6130,5,GT,NA,NA,NA
NBH_6131,4,NG,NA,NA,NA
NBH_6132,4,NG,NA,NA,NA
NBH_6133,3,NG,NA,NA,NA
NBH_6134,4,NG,NA,NA,NA
NBH_6135,3,NG,NA,NA,NA
NBH_6136,4,NG,NA,NA,NA
NBH_6137,4,ALT,NA,NA,NA
NBH_6138,4,ALT,NA,NA,NA
NBH_6139,2,NG,NA,NA,NA
NBH_6140,1,GT,NA,NA,NA
NBH_6141,4,ALT,NA,NA,NA
NBH_6142,4,ALT,NA,NA,NA
NBH_6143,4,ALT,NA,NA,NA
NBH_6144,5,GT,NA,NA,NA
NBH_6145,3,NG,NA,NA,NA
NBH_6147,3,NG,NA,NA,NA
NBH_6148,5,GT,NA,NA,NA
NBH_6149,4,GT,NA,NA,NA
NBH_6150,2,NG,NA,NA,NA
NBH_6151,5,GT,NA,NA,NA
NBH_6152,0,GT,NA,NA,NA
NBH_6153,4,GT,NA,NA,NA
NBH_6154,0,GT,NA,NA,NA
NBH_6155,1,GT,NA,NA,NA
NBH_6156,0,GT,NA,NA,NA
NBH_6157,0,GT,NA,NA,NA
NBH_6158,3,NG,NA,NA,NA
NBH_6159,1,ALT,NA,NA,NA
NBH_6160,0,GT,NA,NA,NA
NBH_6161,0,GT,NA,NA,NA
NBH_6162,2,NG,NA,NA,NA
NBH_6163,3,NG,NA,NA,NA
NBH_6164,2,NG,NA,NA,NA
NBH_6165,4,GT,NA,NA,NA
NBH_6166,3,NG,NA,NA,NA
NBH_6167,3,NG,NA,NA,NA
NBH_6168,1,ALT,NA,NA,NA
NBH_6169,2,NG,NA,NA,NA
NBH_6171,4,GT,NA,NA,NA
NBH_6172,2,NG,NA,NA,NA
NBH_6173,0,GT,NA,NA,NA
NBH_6174,0,GT,NA,NA,NA
NBH_6175,4,GT,NA,NA,NA
NBH_6176,4,GT,NA,NA,NA
NBH_6177,0,GT,NA,NA,NA
NBH_6178,5,GT,NA,NA,NA
NBH_6179,2,NG,NA,NA,NA
NBH_6180,3,NG,NA,NA,NA
NBH_6181,3,NG,NA,NA,NA
NBH_6182,3,NG,NA,NA,NA
NBH_6183,4,GT,NA,NA,NA
NBH_6184,4,GT,NA,NA,NA
NBH_6185,0,GT,NA,NA,NA
NBH_6186,3,NG,NA,NA,NA
NEW_11150,5,NG,NA,NA,NA
NEW_11151,0,NG,NA,NA,NA
NEW_11152,4,NG,NA,NA,NA
NEW_11153,5,NG,NA,NA,NA
NEW_11154,0,NG,NA,NA,NA
NEW_11155,5,GT,NA,NA,NA
NEW_11156,0,NG,NA,NA,NA
NEW_11157,5,NG,NA,NA,NA
NEW_11158,0,NG,NA,NA,NA
NEW_11159,5,NG,NA,NA,NA
NEW_11160,2,NG,NA,NA,NA
NEW_11161,0,NG,NA,NA,NA
NEW_11162,2,NG,NA,NA,NA
NEW_11163,0,GT,NA,NA,NA
NEW_11164,5,NG,NA,NA,NA
NEW_11165,2,NG,NA,NA,NA
NEW_11166,4,NG,NA,NA,NA
NEW_11167,5,NG,NA,NA,NA
NEW_11168,5,NG,NA,NA,NA
NEW_11169,5,GT,NA,NA,NA
NEW_11170,0,GT,NA,NA,NA
NEW_11171,5,NG,NA,NA,NA
NEW_11172,1,GT,NA,NA,NA
NEW_11173,5,NG,NA,NA,NA
NEW_11174,0,NG,NA,NA,NA
NEW_11175,0,GT,NA,NA,NA
NEW_11176,3,NG,NA,NA,NA
NEW_11177,0,NG,NA,NA,NA
NEW_11178,1,NG,NA,NA,NA
NEW_11179,4,GT,NA,NA,NA
NEW_11180,0,GT,NA,NA,NA
NEW_11181,5,NG,NA,NA,NA
NEW_11182,0,NG,NA,NA,NA
NEW_11183,2,NG,NA,NA,NA
NEW_11184,0,GT,NA,NA,NA
NEW_11185,0,GT,NA,NA,NA
NEW_11186,5,GT,NA,NA,NA
NEW_11187,5,NG,NA,NA,NA
NEW_11188,5,NG,NA,NA,NA
NEW_11189,0,GT,NA,NA,NA
NEW_11190,0,NG,NA,NA,NA
NEW_11191,0,GT,NA,NA,NA
NEW_11192,2,NG,NA,NA,NA
NEW_11193,4,GT,NA,NA,NA
NEW_11194,0,NG,NA,NA,NA
NEW_11195,2,NG,NA,NA,NA
NEW_11196,4,GT,NA,NA,NA
NEW_11197,0,GT,NA,NA,NA
NEW_11198,2,NG,NA,NA,NA
NEW_11199,5,NG,NA,NA,NA
NEW_11200,4,NG,NA,NA,NA
NEW_11201,0,GT,NA,NA,NA
NEW_11202,0,NG,NA,NA,NA
NEW_11203,5,NG,NA,NA,NA
NEW_11204,4,GT,NA,NA,NA
NEW_11205,0,NG,NA,NA,NA
NEW_11206,0,GT,NA,NA,NA
NEW_11207,5,NG,NA,NA,NA
NEW_11208,0,NG,NA,NA,NA
NEW_11209,5,GT,NA,NA,NA
NEW_11210,0,NG,NA,NA,NA
NEW_11211,1,GT,NA,NA,NA
NEW_11212,3,NG,NA,NA,NA
NEW_11213,4,GT,NA,NA,NA
NEW_11214,5,GT,NA,NA,NA
NEW_11215,5,NG,NA,NA,NA
NEW_11217,4,NG,NA,NA,NA
NEW_11218,5,GT,NA,NA,NA
NEW_11219,0,NG,NA,NA,NA
NEW_11220,0,GT,NA,NA,NA
NEW_11221,5,NG,NA,NA,NA
NEW_11222,3,NG,NA,NA,NA
NEW_11223,5,NG,NA,NA,NA
NEW_11224,5,NG,NA,NA,NA
NEW_11225,0,GT,NA,NA,NA
NEW_11227,4,NG,NA,NA,NA
NEW_11228,5,GT,NA,NA,NA
NEW_11229,5,NG,NA,NA,NA
NEW_11230,4,NG,NA,NA,NA
NEW_11231,0,NG,NA,NA,NA
NEW_11232,5,GT,NA,NA,NA
NEW_11233,0,GT,NA,NA,NA
NEW_11234,1,GT,NA,NA,NA
NEW_11235,0,GT,NA,NA,NA
NEW_11236,2,NG,NA,NA,NA
NEW_11237,5,GT,NA,NA,NA
NEW_11238,2,NG,NA,NA,NA
NEW_11239,1,NG,NA,NA,NA
NEW_11240,0,GT,NA,NA,NA
NEW_11242,0,NG,NA,NA,NA
NEW_11243,4,NG,NA,NA,NA
NEW_11244,5,GT,NA,NA,NA
NEW_11245,0,NG,NA,NA,NA
NEW_11246,2,NG,NA,NA,NA
NEW_11247,5,NG,NA,NA,NA
NEW_11248,4,NG,NA,NA,NA
NEW_11249,5,NG,NA,NA,NA
NEW_11250,5,GT,NA,NA,NA
NEW_11251,5,NG,NA,NA,NA
NEW_11252,5,GT,NA,NA,NA
NEW_11253,3,NG,NA,NA,NA
NEW_11254,4,GT,NA,NA,NA
NEW_11255,0,NG,NA,NA,NA
NEW_11256,5,NG,NA,NA,NA
NEW_11257,0,GT,NA,NA,NA
NEW_11258,4,GT,NA,NA,NA
NEW_11259,5,NG,NA,NA,NA
NEW_11260,2,NG,NA,NA,NA
NEW_11261,3,NG,NA,NA,NA
NEW_11262,5,NG,NA,NA,NA
NEW_11263,3,NG,NA,NA,NA
NEW_11264,4,NG,NA,NA,NA
NEW_11265,1,NG,NA,NA,NA
NEW_11266,5,GT,NA,NA,NA
NEW_11267,3,NG,NA,NA,NA
NEW_11268,5,NG,NA,NA,NA
NEW_11269,5,NG,NA,NA,NA
NEW_11270,1,NG,NA,NA,NA
NEW_11271,5,NG,NA,NA,NA
NEW_11272,5,NG,NA,NA,NA
NEW_11273,3,NG,NA,NA,NA
NEW_11274,0,GT,NA,NA,NA
NEW_11275,3,NG,NA,NA,NA
NEW_11278,5,NG,NA,NA,NA
NEW_11279,0,NG,NA,NA,NA
NEW_11280,5,NG,NA,NA,NA
NEW_11281,0,NG,NA,NA,NA
NEW_11282,5,NG,NA,NA,NA
NEW_11283,5,NG,NA,NA,NA
NEW_11284,0,GT,NA,NA,NA
NEW_11285,0,GT,NA,NA,NA
NEW_11286,5,GT,NA,NA,NA
NEW_11288,3,NG,NA,NA,NA
NEW_11289,5,NG,NA,NA,NA
NEW_11290,2,NG,NA,NA,NA
NEW_11291,4,GT,NA,NA,NA
NEW_11292,0,GT,NA,NA,NA
NEW_11293,5,GT,NA,NA,NA
NEW_11294,5,NG,NA,NA,NA
NEW_11295,4,NG,NA,NA,NA
NEW_11296,0,GT,NA,NA,NA
NEW_11298,5,GT,NA,NA,NA
NEW_11299,4,GT,NA,NA,NA
NEW_11300,0,GT,NA,NA,NA
NEW_11301,5,NG,NA,NA,NA
NEW_11302,4,GT,NA,NA,NA
NEW_11303,5,GT,NA,NA,NA
NEW_11304,5,NG,NA,NA,NA
NEW_11305,5,GT,NA,NA,NA
NEW_11306,5,NG,NA,NA,NA
NEW_11307,5,NG,NA,NA,NA
NEW_11308,1,GT,NA,NA,NA
NEW_11309,5,GT,NA,NA,NA
NEW_11310,5,GT,NA,NA,NA
NEW_11311,0,GT,NA,NA,NA
NEW_11313,5,GT,NA,NA,NA
NEW_11314,0,NG,NA,NA,NA
NEW_11315,5,NG,NA,NA,NA
NEW_11316,5,NG,NA,NA,NA
NEW_11317,0,NG,NA,NA,NA
NEW_11318,5,NG,NA,NA,NA
NEW_11319,3,NG,NA,NA,NA
NEW_11320,4,GT,NA,NA,NA
NEW_11321,5,NG,NA,NA,NA
NEW_11322,2,NG,NA,NA,NA
NEW_11323,5,GT,NA,NA,NA
NEW_11324,5,NG,NA,NA,NA
NEW_11325,5,NG,NA,NA,NA
NEW_11326,5,NG,NA,NA,NA
NEW_11327,3,NG,NA,NA,NA
NEW_11328,0,GT,NA,NA,NA
NEW_11329,0,GT,NA,NA,NA
NEW_11330,1,NG,NA,NA,NA
NEW_11331,0,GT,NA,NA,NA
NEW_11332,0,GT,NA,NA,NA
NEW_11333,4,NG,NA,NA,NA
NEW_11334,2,NG,NA,NA,NA
NEW_11335,3,NG,NA,NA,NA
NEW_11336,3,NG,NA,NA,NA
NEW_11337,3,NG,NA,NA,NA
NEW_11338,5,NG,NA,NA,NA
NEW_11339,5,NG,NA,NA,NA
NEW_11340,0,GT,NA,NA,NA
NEW_11341,0,NG,NA,NA,NA
NEW_11342,4,GT,NA,NA,NA
NEW_11343,4,NG,NA,NA,NA
NEW_11344,0,GT,NA,NA,NA
NEW_11345,5,NG,NA,NA,NA
NEW_11346,4,NG,NA,NA,NA
NEW_11347,5,NG,NA,NA,NA
NEW_11348,1,GT,NA,NA,NA
NEW_11349,0,GT,NA,NA,NA
NEW_11351,0,GT,NA,NA,NA
NEW_11352,4,NG,NA,NA,NA
NEW_11353,0,GT,NA,NA,NA
NEW_11354,1,GT,NA,NA,NA
NEW_11355,5,NG,NA,NA,NA
NEW_11356,4,NG,NA,NA,NA
NEW_11357,1,NG,NA,NA,NA
NEW_11358,3,NG,NA,NA,NA
NEW_11359,3,NG,NA,NA,NA
NEW_11360,1,NG,NA,NA,NA
NEW_11361,3,NG,NA,NA,NA
NEW_11362,5,NG,NA,NA,NA
NEW_11363,0,NG,NA,NA,NA
NEW_11364,2,NG,NA,NA,NA
NEW_11365,5,GT,NA,NA,NA
NEW_11366,1,NG,NA,NA,NA
NEW_11367,0,GT,NA,NA,NA
NEW_11368,5,NG,NA,NA,NA
NEW_11369,3,NG,NA,NA,NA
NEW_11370,5,GT,NA,NA,NA
NEW_11372,5,NG,NA,NA,NA
NEW_11373,1,GT,NA,NA,NA
NEW_11374,5,GT,NA,NA,NA
NEW_11375,0,GT,NA,NA,NA
NEW_11376,4,GT,NA,NA,NA
NEW_11377,5,GT,NA,NA,NA
NEW_11378,0,NG,NA,NA,NA
NEW_11379,2,NG,NA,NA,NA
NEW_11380,5,GT,NA,NA,NA
NEW_11381,5,NG,NA,NA,NA
NEW_11382,3,NG,NA,NA,NA
NEW_11383,4,GT,NA,NA,NA
NEW_11384,5,NG,NA,NA,NA
NEW_11385,0,NG,NA,NA,NA
NEW_11386,5,GT,NA,NA,NA
NEW_11387,4,NG,NA,NA,NA
NEW_11388,1,GT,NA,NA,NA
NEW_11389,2,NG,NA,NA,NA
NEW_11390,5,NG,NA,NA,NA
NEW_11391,3,NG,NA,NA,NA
NEW_11392,5,GT,NA,NA,NA
NEW_11393,0,GT,NA,NA,NA
NEW_11394,5,NG,NA,NA,NA
NEW_11395,5,GT,NA,NA,NA
NEW_11396,0,GT,NA,NA,NA
NEW_11397,2,NG,NA,NA,NA
NEW_11398,5,GT,NA,NA,NA
NEW_11399,0,NG,NA,NA,NA
NEW_11400,3,NG,NA,NA,NA
NEW_11401,4,NG,NA,NA,NA
NEW_11402,3,NG,NA,NA,NA
NEW_11403,0,GT,NA,NA,NA
NEW_11404,4,GT,NA,NA,NA
NEW_11405,2,NG,NA,NA,NA
NEW_11406,4,NG,NA,NA,NA
NEW_11407,0,GT,NA,NA,NA
NEW_11408,5,NG,NA,NA,NA
NEW_11409,5,GT,NA,NA,NA
NEW_11410,5,GT,NA,NA,NA
NEW_11412,0,GT,NA,NA,NA
NEW_11413,5,NG,NA,NA,NA
NEW_11414,2,NG,NA,NA,NA
NEW_11416,4,GT,NA,NA,NA
NEW_11417,5,NG,NA,NA,NA
NEW_11418,2,NG,NA,NA,NA
NEW_11419,5,GT,NA,NA,NA
NEW_11420,2,NG,NA,NA,NA
NEW_11421,5,NG,NA,NA,NA
NEW_11422,0,NG,NA,NA,NA
NEW_11423,1,GT,NA,NA,NA
NEW_11424,0,GT,NA,NA,NA