Pheno,sex,ID,AHR2a_del,AIP_252,AIP_261
,,,1,2,2
,,,0,0,0
0,0,ELR_10977,AB,BB,BB
0,0,ELR_10978,AB,BB,BB
5,0,ELR_10986,AB,BB,BB
5,0,ELR_10869,BB,BB,BB
5,0,ELR_10963,BB,BB,BB
5,0,ELR_10982,BB,BB,BB
5,0,ELR_10885,BB,BB,BB
5,0,ELR_10969,BB,BB,BB
0,0,ELR_10961,AA,AB,AB
0,0,ELR_10954,AA,AB,AB
0,0,ELR_10979,AA,AB,-
0,0,ELR_10988,AA,AB,-
5,0,ELR_10928,AA,AB,AB
0,0,ELR_10991,AB,AB,AB
0,0,ELR_10930,AB,AB,AB
0,0,ELR_10983,AB,AB,AB
0,0,ELR_10925,AB,AB,-
0,0,ELR_10881,AB,AB,AB
0,0,ELR_10970,AB,AB,AB
5,0,ELR_11116,AB,AB,-
5,0,ELR_10980,AB,AB,AB
5,0,ELR_10989,AB,AB,AB
5,0,ELR_11104,AB,AB,-
0,0,ELR_10921,BB,AB,AB
0,0,ELR_10960,BB,AB,AB
5,0,ELR_10974,BB,AB,AB
5,0,ELR_10926,BB,AB,AB
0,0,ELR_10872,AA,AA,AA
0,0,ELR_10968,AA,AA,AA
0,0,ELR_10956,AB,AA,-
5,0,ELR_10882,AB,AA,AA
5,0,ELR_10997,AB,AA,AA
0,0,ELR_10984,BB,AA,AA
0,0,ELR_10876,BB,AA,AA
5,0,ELR_11103,BB,AA,-
0,0,ELR_11581,AA,-,-
0,0,ELR_11594,AA,-,-
4,0,ELR_11010,AA,-,-
4,0,ELR_10923,AA,-,-
4,0,ELR_10953,AA,-,-
4,0,ELR_10999,AA,-,-
5,0,ELR_11583,AA,-,-
0,0,ELR_11585,AB,-,-
0,0,ELR_10993,AB,-,-
0,0,ELR_10994,AB,-,-
0,0,ELR_11588,AB,-,-
0,0,ELR_11114,AB,-,-
0,0,ELR_11102,AB,-,-
1,0,ELR_11001,AB,-,-
1,0,ELR_10870,AB,-,-
1,0,ELR_11108,AB,-,-
1,0,ELR_11578,AB,-,-
1,0,ELR_10965,AB,-,-
1,0,ELR_11011,AB,-,-
1,0,ELR_10987,AB,-,-
4,0,ELR_10971,AB,-,-
4,0,ELR_10990,AB,-,-
4,0,ELR_11105,AB,-,-
4,0,ELR_10884,AB,-,-
4,0,ELR_10929,AB,-,-
4,0,ELR_10871,AB,-,-
4,0,ELR_10964,AB,-,-
4,0,ELR_10973,AB,-,-
4,0,ELR_11004,AB,-,-
4,0,ELR_10967,AB,-,-
4,0,ELR_10924,AB,-,-
4,0,ELR_10878,AB,-,-
5,0,ELR_10981,AB,-,-
5,0,ELR_11577,AB,-,-
5,0,ELR_11587,AB,-,-
5,0,ELR_11591,AB,-,-
5,0,ELR_10998,AB,-,-
5,0,ELR_11592,AB,-,-
0,0,ELR_11111,BB,-,-
0,0,ELR_11112,BB,-,-
1,0,ELR_11576,BB,-,-
1,0,ELR_10972,BB,-,-
1,0,ELR_11000,BB,-,-
1,0,ELR_11575,BB,-,-
4,0,ELR_10932,BB,-,-
4,0,ELR_11580,BB,-,-
5,0,ELR_11002,BB,-,-
5,0,ELR_11586,BB,-,-
5,0,ELR_11579,BB,-,-
5,0,ELR_10874,BB,-,-
5,0,ELR_11593,BB,-,-
5,0,ELR_11584,BB,-,-
